LED.xls,LED,,,
LOFT.xls,LOFT,,,
АРТЕ.xls,АРТЕ,,,
БУШЕ G-4.xls,БУШЕ G-4,,,
БУШЕ Е-27 И Е-14.xls,БУШЕ Е-27 И Е-14,,,
БУШЕ МР3.xls,БУШЕ МР3,,,
ГАЛОГЕН (ВЕТКИ).xls,Галоген (Ветки),,,
ГАЛОГЕН.xls,Галоген,,,
ДЕТСКИЕ.xls,Детские,,,
ЕВРОКАРКАСЫ.xls,Еврокаркасы,,,
ЕВРОПА МОДЕРН.xls,Европа Модерн,,,
МАНТРА.xls,Мантра,,,
МОДЕРН.xls,Модерн,,,
НАСТЕННО-ПОТОЛОЧНЫЕ СВЕТИЛЬНИКИ.xls,Настенно-потолочные Светильники,,,
НАСТОЛЬНЫЕ ЛАМПЫ.xls,Настольные лампы,,,
ПОДВЕСНЫЕ СВЕТИЛЬНИКИ.xls,Подвесные Светильники,,,
ПРЕСТИЖ.xls,Престиж,,,
Пульты и комплектующие.xls,Пульты и комплектующие,,,
РОТАНГ.xls,Ротанг,,,
САДОВО-ПАРКОВЫЕ СВЕТИЛЬНИКИ.xls,Садово-парковые Светильники,,,
СПОТЫ.xls,Споты,,,
ТОРШЕРЫ.xls,Торшеры,,,
ФЛОРИСТИКА.xls,Флористика,,,
ХРУСТАЛЬ.xls,Хрусталь,,,
ЧЕРНЫЕ КРУГИ.xls,Черные круги и квадраты,,,
ЭКОНОМ.xls,Эконом,,,
ЭКСКЛЮЗИВ.xls,Эксклюзив,,,
ЭЛИТ.xls,Элит,,,
